Question;Answer
How long did the time-skip last after the Marineford war?;Two years
What is the name of the archipelago where Big Mom resides?;Totto Land
Who killed Otohime?;Hody Jones
Who is the captain of Blackbeard's Second Ship?;Shiryu of the Rain
What is Vegapunk's home island?;Karakuri Island
What was Robin's epithet when she was still a child?;Devil Child
What is the name of the poisonous mushroom that Chopper gave to Hiriluk?;Amiudake
What is the name of Robin's ability that allows her to transform into a demon?;Demonio Fleur
What is the name of Shirahoshi's shark?;Megalo
How many battles does Kyros win at the Corrida coliseum?;3000
Who does Ryuma's shadow in Thriller Bark belong to?;Brook
What is the name of Enel's ark?;Ark Maxim
What is the name of the transformation that Minks can undergo by looking at the full moon?;Sulong
What level of Impel Down was Jinbe imprisoned on?;6
What level of Impel Down was Ace imprisoned on?;6
Which devil fruit did Luffy eat?;Gomu Gomu no Mi
Who was the former King of the Pirates?;Gol D. Roger
What is the name of Zoro's sword style?;Three-Sword Style
What is the name of Luffy's father?;Monkey D. Dragon
Which Gear transformation lets Luffy inflate parts of his body like a balloon?;Gear 3
How old is Kureha?;139
Who is the navigator of the Straw Hat Pirates?;Nami
What is the name of Usopp's father?;Yasopp
Who is the doctor of the Straw Hat Pirates?;Chopper
Who is the leader of the Revolutionary Army?;Monkey D. Dragon
What is the name of Nami's sister?;Nojiko
Who is the mother of Nico Robin?;Nico Olvia
Who is known as the Surgeon of Death?;Law
What is Law's Devil Fruit ability?;Ope Ope no Mi
What is the name of the pirate who gave Luffy his straw hat?;Shanks
Who is the mother of Nami?;Bell-m�re
Who is the mother of Portgas D. Ace?;Portgas D. Rouge
Who is the mother of Sanji?;Sora
Who is the captain of the Heart Pirates?;Law
What is the name of Zoro's childhood friend?;Kuina
What is the name of Chopper's Devil Fruit?;Hito Hito no Mi
Who is known as the Dark King?;Silvers Rayleigh
Who is the cook of the Straw Hat Pirates?;Sanji
Who is Luffy's grandfather?;Monkey D. Garp
In which town was Gol D. Roger executed?;Loguetown
What is the name of the dog in Orange Town?;Chouchou
How many times did Zoro lose to Kuina?;2001 times
What is the name of the Straw Hats' first ship?;Going Merry
Who is Ace's biological father?;Gol D. Roger
What is the name Luffy uses to enter the Colosseum in Dressrosa?;Lucy
What is the name of the giant mermaid princess that lives in Fish-Man Island?;Shirahoshi
Who is the captain of the Kuja Pirates, known as the Snake Princess?;Boa Hancock
From whom are the Pacifistas created in the image and likeness of?;Bartholomew Kuma
From which type of wood did Franky make the Thousand Sunny?;Treasure Tree Adam Wood
Which Straw Hat member is the carpenter who remodeled himself into a cyborg?;Franky
Who is the only Shandia able to use Mantra?;Aisa
What is the highest position within the Marines?;Fleet Admiral
Who is the most wanted man in the world?;Monkey D. Dragon
What was the name of Brook's former crew?;Rumbar Pirates
For which Devil Fruit did Blackbeard kill Thatch?;Yami Yami no Mi
What was the prize of the tournament organized by Doflamingo in Dressrosa's colosseum?;Mera Mera no Mi
How many devil fruit powers does Blackbeard have?;Two
What is the name of Senor Pink's deceased wife?;Russian
Who promised that they would never lose another fight until they defeated Mihawk?;Roronoa Zoro
What does Mr. 5 fling at his opponents?;Mucus bombs
Who made Nami's Clima-Tact?;Usopp
What currency do they use in Skypiea?;Extol
All minks have the natural ability to produce electric shocks from their bodies, what is this ability called?;Electro
What kingdom was Donquixote Doflamingo ruler of?;Dressrosa
What is the name of Whitebeard's ship?;The Moby Dick
What is the name of Whitebeard's devil fruit?;Gura Gura no Mi
What is the name of Robin's devil fruit?;Hana Hana no Mi
What is the name of Bon Clay's devil fruit?;Mane Mane no Mi
What is the name of Kozuki Oden's daughter?;Hiyori
What is the name of Kozuki Oden's son?;Momonosuke
What is the name of the floating island that fell onto the Wano country after the battle against Kaidou?;Onigashima
What can Kaidou transform into?;Dragon
What is the name of Kyros' daughter?;Rebecca
What is the name of Kyros' wife?;Scarlett
Who killed Scarlett?;Diamante
What is the name of the giant elephant that carries Zou on its back?;Zunesha
What is the name of Gol D. Roger's ship?;The Oro Jackson
How is Brook's favorite song called?;Binks' Sake
What is the name of Brook's whale friend?;Laboon
What is the name of Sanji's sister?;Vinsmoke Reiju
What is the name of the sniper of the Straw Hat pirates?;Usopp
Which Straw Hat member turned against Luffy and fought him in Water 7?;Usopp
Which Straw Hat member took Luffy's pain in Thriller Bark through the use of Kuma's devil fruit ability?;Zoro
Who set the World Government flag on fire in Enies Lobby by shooting at it?;Usopp
Who died in Luffy's arms in the Marineford War?;Ace
Which red-haired character showed up to stop the Marineford War?;Shanks
Which animal does Zunesha resemble?;Elephant
Which animal is Tony Tony Chopper?;Reindeer
What is the name of the princess of the Arabasta Kingdom?;Nefertari Vivi
Who is the captain of the Blackbeard Pirates?;Blackbeard
Who is known as the Strongest Creature in the World?;Kaidou
What is the name of Sanji's father?;Vinsmoke Judge
What is the name of Nefertari Vivi's father?;Nefertari Cobra
How is Chopper's giant beast form called?;Monster Point
Who said this quote in the Marineford War?: The One Piece... The One Piece is Real!;Whitebeard
Answer with True or False: Boa Hancock was previously a slave;True
The Celestial Dragons live in a city located very high above sea level. How is this city called?;Mary Geoise
What is the name of the island where Luffy trained for two years during the time-skip along with Rayleigh?;Rusukaina
What is the name of the Straw Hat crew member that is a swordsman and has green hair?;Zoro
What is the name of the feline mink guardian of the Whale Forest on Zou, dubbed the Ruler of Night?;Nekomamushi
